retweet_count,favorite_count,num_hashtags,num_urls,num_mentions,user_statuses_count,user_followers_count,user_friends_count,user_favorite_count,user_listed_count,url_ratio,hashtag_ratio,mention_ratio,entropy,wavelet_avg
0,0,0,0,0,93918,97,87,3388,8,0,0,0,3.843946298,-0.259838782
0,0,0,1,1,9993,1349,382,4955,20,0.014285714,0,0.014285714,4.730480918,-0.002091181
1,2,0,1,0,57014,4136,316,1595,16,0.011494253,0,0,4.385477182,-0.106812661
0,1,0,0,0,108,116,770,0,0,0,0,0,3.762246434,-0.333849659
0,0,0,0,0,119,27,166,0,0,0,0,0,4.128256101,-0.07127905
2,2,1,0,0,121,41,169,0,1,0,0.007194245,0,4.010537459,-0.172158554
0,0,1,0,0,112,149,928,0,1,0,0.010416667,0,4.442918986,-0.040715409
